Job Number,Borough Name,Count Permits,First Permit Date,Current Date,Age,Permit Expiration Date,Sidewalk Shed/Linear Feet,Construction Material,Current Job Status,BIN Number,Community Board,Latitude Point,Longitude Point,House Number,Street Name,Borough Digit,Block,Lot,Applicant Business Name,ProCert,Source,activity
103648545,Manhattan,0,10/14/2015,1/28/2023,2662,10/24/2023,850,METAL PIPE/WOOD,R,1056676,107,40.802650451660156,-73.96595001220703,218,WEST 109 STREET,1,01880,00013,BILTMORE GENERAL CONTRACT,1,BIS,Construction or Maintenance
104416464,Manhattan,0,4/27/2006,1/28/2023,6119,6/3/2023,220,Steel/wood,R,1061186,109,40.829368591308594,-73.9400405883789,409,EDGECOMBE AVENUE,1,02054,00062,ROCKLEDGE SCAFFOLD CORP,1,BIS,Local Law 11
110357952,Manhattan,0,10/17/2008,1/28/2023,5215,10/17/2023,90,WOOD AND STEEL,R,1031728,107,40.79148864746094,-73.96526336669922,356,CENTRAL PARK WEST,1,01209,07502,ROCKLEDGE SCAFFOLD CORP,1,BIS,Local Law 11
120351662,Manhattan,0,5/13/2010,1/28/2023,4642,5/20/2023,56,STEEL,R,1050240,108,40.78184127807617,-73.94844055175781,1772,2 AVENUE,1,01555,00004,CS BRIDGE CORP,1,BIS,Construction or Maintenance
120408834,Manhattan,0,7/9/2010,1/28/2023,4585,4/4/2023,112,WOOD AND STEEL,R,1032166,107,40.78654098510742,-73.97303009033203,114,WEST 86 STREET,1,01216,00039,ROCKLEDGE SCAFFOLD CORP,1,BIS,Local Law 11
120470409,Manhattan,0,9/16/2010,1/28/2023,4516,12/6/2023,65,STEEL/WOOD,R,1017833,105,40.73590087890625,-73.98799133300781,116,EAST 17 STREET,1,00872,00068,ROCKLEDGE SCAFFOLD CORP,1,BIS,Construction or Maintenance
120486633,Manhattan,0,9/29/2010,1/28/2023,4503,3/22/2023,100,WOOD AND STEEL,R,1079685,103,40.72631072998047,-73.9794921875,605,EAST    9 STREET,1,00392,00010,ROCKLEDGE SCAFFOLD CORP,1,BIS,Construction or Maintenance
120526225,Manhattan,0,11/4/2010,1/28/2023,4467,6/3/2023,217,STEEL/WOOD,R,1088498,103,40.720130920410156,-73.98950958251953,138,ALLEN STREET,1,00415,00067,ROCKLEDGE SCAFFOLD CORP,1,BIS,Construction or Maintenance
120725705,Manhattan,0,6/16/2011,1/28/2023,4243,2/8/2023,314,WOOD & STEEL,R,1026319,104,40.758270263671875,-73.99532318115234,443,WEST 40 STREET,1,01050,00006,BS GROUP INC,1,BIS,Construction or Maintenance
120895022,Manhattan,0,11/15/2011,1/28/2023,4091,1/19/2024,32,STEEL/WOOD,R,1082063,112,40.8701286315918,-73.9173583984375,532,WEST  215 STREET,1,02243,00341,WESBUILT CONSTRUCTION MAN,1,BIS,Construction or Maintenance
120937834,Manhattan,0,2/3/2012,1/28/2023,4011,4/20/2023,85,WOOD & STEEL,R,1009419,102,40.73326110839844,-73.99745178222656,24,WEST 9 STREET,1,00572,00026,S&E BRIDGE & SCAFFOLD LLC,1,BIS,Construction or Maintenance
120987236,Manhattan,0,3/1/2012,1/28/2023,3984,5/31/2023,77,WOOD & STEEL,R,1083575,104,40.74551010131836,-74.00375366210938,444,WEST   21 STREET,1,00718,00001,ARSENAL SCAFFOLD INC,1,BIS,Construction or Maintenance
121045127,Manhattan,0,4/23/2012,1/28/2023,3931,2/15/2023,339,WOOD/STEEL,R,1079043,101,40.70866012573242,-74.00798034667969,41,MAIDEN LANE,1,00067,00001,CS BRIDGE CORP,1,BIS,Local Law 11
121097945,Manhattan,0,7/19/2012,1/28/2023,3844,1/23/2024,25,WOOD & STEEL,R,1030722,107,40.780818939208984,-73.98220825195312,233,WEST 74 STREET,1,01166,00013,ROCKLEDGE SCAFFOLD CORP,1,BIS,Construction or Maintenance
121146811,Manhattan,0,7/19/2012,1/28/2023,3844,1/23/2024,25,WOOD & STEEL,R,1030723,107,40.78078842163086,-73.98214721679688,231,WEST 74 STREET,1,01166,00014,ROCKLEDGE SCAFFOLD CORP,1,BIS,Construction or Maintenance
121226734,Manhattan,0,6/7/2017,1/28/2023,2060,6/3/2023,40,STEEL,R,1090562,101,40.709110260009766,-74.00634765625,128,WILLIAM STREET,1,00077,07501,SAFWAY ATLANTIC  LLC,1,BIS,Construction or Maintenance
121240148,Manhattan,0,8/9/2017,1/28/2023,1997,11/4/2023,270,WOOD & STEEL,R,1016981,105,40.746498107910156,-73.98548126220703,303,   5 AVENUE,1,00861,00001,YARKS NYC INC,1,BIS,Local Law 11
121276172,Manhattan,0,8/17/2017,1/28/2023,1989,8/2/2023,158,WOOD & STEEL,R,1089248,101,40.7093391418457,-74.01265716552734,133,GREENWICH STREET,1,00052,00008,SAFWAY ATLANTIC  LLC,1,BIS,Construction or Maintenance
121844941,Manhattan,0,12/5/2013,1/28/2023,3340,4/15/2023,313,WOOD & STEEL,R,1030972,107,40.780189514160156,-73.98651885986328,344,WEST 72 STREET,1,01183,00053,S&E BRIDGE & SCAFFOLD LLC,1,BIS,Local Law 11
121859293,Manhattan,0,12/9/2013,1/28/2023,3336,5/13/2023,140,WOOD & STEEL,R,1023728,105,40.764949798583984,-73.97756958007812,107,WEST   57 STREET,1,01010,07507,S&E BRIDGE & SCAFFOLD LLC,1,BIS,Local Law 11
121987109,Manhattan,0,4/23/2014,1/28/2023,3201,7/20/2023,169,WOOD / STEEL,R,1002353,101,40.71842956542969,-74.0015869140625,78,WALKER STREET,1,00196,00029,PLATINUM SERVICES NY LLC,1,BIS,Local Law 11
122008781,Manhattan,0,6/19/2014,1/28/2023,3144,5/4/2023,522,WOOD & STEEL,R,1079377,107,40.781558990478516,-73.98165893554688,2139,BROADWAY,1,01167,07503,S&E BRIDGE & SCAFFOLD LLC,1,BIS,Local Law 11
122106078,Manhattan,0,8/19/2014,1/28/2023,3083,12/13/2023,42,WOOD / STEEL,R,1055054,110,40.80244064331055,-73.95143127441406,130,WEST 116 STREET,1,01825,00050,PLATINUM SERVICES NY LLC,1,BIS,Construction or Maintenance
122156095,Manhattan,0,12/15/2014,1/28/2023,2965,10/20/2023,113,WOOD & STEEL,R,1004959,103,40.72174072265625,-73.98391723632812,6,AVENUE B,1,00397,00038,YORK SCAFFOLD EQUIPMENT C,1,BIS,Construction or Maintenance
122199236,Manhattan,0,12/9/2014,1/28/2023,2971,3/16/2023,200,WOOD & STEEL,R,1016745,105,40.74188995361328,-73.98580169677734,352,PARK AVENUE SOUTH,1,00855,00016,ROCKLEDGE SCAFFOLD CORP,1,BIS,Local Law 11
122212131,Manhattan,0,12/16/2014,1/28/2023,2964,1/9/2024,90,WOOD & STEEL,R,1030971,107,40.78022003173828,-73.98619842529297,340,WEST 72 STREET,1,01183,00050,S&E BRIDGE & SCAFFOLD LLC,1,BIS,Local Law 11
122280218,Manhattan,0,3/11/2015,1/28/2023,2879,12/6/2023,197,WOOD AND STEEL,R,1090832,101,40.70909881591797,-74.01277160644531,125,GREENWICH STREET,1,00051,00014,SAFWAY ATLANTIC  LLC,1,BIS,Construction or Maintenance
122517357,Manhattan,0,9/3/2015,1/28/2023,2703,8/10/2023,115,WOOD/STEEL,R,1063043,112,40.842010498046875,-73.93760681152344,551,WEST 170 STREET,1,02127,00022,COLGATE ENTERPRISE CORP,1,BIS,Local Law 11
122529825,Manhattan,0,9/17/2015,1/28/2023,2689,3/16/2023,45,WOOD / STEEL,R,1088478,101,40.70969009399414,-74.00713348388672,16,DUTCH STREET,1,00078,07510,PLATINUM SERVICES NY LLC,1,BIS,Local Law 11
122538995,Manhattan,0,12/7/2015,1/28/2023,2608,11/18/2023,39,WOOD & STEEL,R,1008510,102,40.7277717590332,-73.99392700195312,4,GREAT JONES STREET,1,00531,00015,ROCKLEDGE SCAFFOLD CORP,1,BIS,Construction or Maintenance
122574570,Manhattan,0,1/6/2016,1/28/2023,2578,12/6/2023,174,174,R,1015409,105,40.739200592041016,-73.99437713623047,44,WEST 18 STREET,1,00819,00010,ROCKLEDGE SCAFFOLD CORP,1,BIS,Local Law 11
122656009,Manhattan,0,1/11/2016,1/28/2023,2573,6/6/2023,60,STEEL AND WOOD,R,1059944,109,40.820709228515625,-73.9574966430664,632,WEST 135 STREET,1,02001,00058,SPRING SCAFFOLDING LLC,1,BIS,Construction or Maintenance
122687690,Manhattan,0,2/22/2016,1/28/2023,2531,2/2/2023,259,WOOD/STEEL,R,1050385,108,40.773681640625,-73.95117950439453,1562,1 AVENUE,1,01561,00001,SOHO CONTRACTING CORP,1,BIS,Construction or Maintenance
122736646,Manhattan,0,7/7/2016,1/28/2023,2395,6/24/2023,35,WOOD & STEEL,R,1002909,101,40.723270416259766,-74.00982666015625,450,GREENWICH STREET,1,00223,00029,SKYLINE SCAFFOLDING GROUP,1,BIS,Construction or Maintenance
123070292,Manhattan,0,4/19/2017,1/28/2023,2109,6/28/2023,240,METAL AND WOOD,R,1007573,102,40.72425842285156,-73.99815368652344,565,BROADWAY,1,00498,00005,PHOENIX SUTTON STR INC,1,BIS,Local Law 11
123075199,Manhattan,0,4/12/2017,1/28/2023,2116,6/21/2023,44,STEEL/WOOD,R,1087980,104,40.76102828979492,-73.98753356933594,785,   8 AVENUE,1,01038,07501,SPRING SCAFFOLDING LLC,1,BIS,Construction or Maintenance
123336498,Manhattan,0,9/12/2017,1/28/2023,1963,8/3/2023,96,STEEL/WOOD,R,1084936,106,40.73400115966797,-73.98774719238281,2,IRVING PLACE,1,00870,00024,EAGLE SCAFFOLDING SVCS IN,1,BIS,Local Law 11
140113339,Manhattan,0,9/10/2013,1/28/2023,3426,4/1/2023,246,STEEL/WOOD,R,1033975,107,40.790138244628906,-73.97734069824219,571,WEST END AVENUE,1,01249,00036,EMPIRE NY INSTALLATIONS I,1,BIS,Local Law 11
140251340,Manhattan,0,9/11/2014,1/28/2023,3060,9/28/2023,148,WOOD/STEEL,R,1029777,107,40.777130126953125,-73.98120880126953,147,WEST   70 STREET,1,01142,00061,ARSENAL SCAFFOLD INC,1,BIS,Local Law 11
140325734,Manhattan,0,3/31/2015,1/28/2023,2859,12/13/2023,34,WOOD/STEEL,R,1001474,101,40.714778900146484,-74.00872802734375,46,WARREN STREET,1,00136,00007,INTERSYSTEM INSTALLATION,1,BIS,Construction or Maintenance
140332058,Manhattan,0,4/14/2015,1/28/2023,2845,8/10/2023,1065,STEEL/WOOD,R,1080031,112,40.861148834228516,-73.92268371582031,213,NAGLE AVENUE,1,02216,00001,ROMA SCAFFOLDING INC,1,BIS,Local Law 11
140353551,Manhattan,0,6/1/2015,1/28/2023,2797,1/10/2024,424,METAL AND WOOD,R,1087465,109,40.82992935180664,-73.94950866699219,725,RIVERSIDE DRIVE,1,02096,07501,PHOENIX SUTTON STR INC,1,BIS,Local Law 11
140359485,Manhattan,0,6/12/2015,1/28/2023,2786,5/16/2023,530,STEEL AND WOOD,R,1084572,107,40.79140853881836,-73.96903991699219,680,COLUMBUS AVENUE,1,01224,00029,SPRING SCAFFOLDING LLC,1,BIS,Local Law 11
140372763,Manhattan,0,7/10/2015,1/28/2023,2758,9/2/2023,270,STEEL/ WOOD,R,1031798,107,40.782318115234375,-73.97564697265625,101,WEST 79 STREET,1,01210,07501,COLGATE ENTERPRISE CORP,1,BIS,Local Law 11
140378614,Manhattan,0,8/10/2015,1/28/2023,2727,12/13/2023,173,WOOD / STEEL,R,1053398,110,40.805419921875,-73.94544219970703,22,MOUNT MORRIS PARK WEST,1,01721,00014,PLATINUM SERVICES NY LLC,1,BIS,Local Law 11
140380932,Manhattan,0,7/29/2015,1/28/2023,2739,4/1/2023,75,STEEL/WOOD,R,1014031,104,40.742759704589844,-73.9977798461914,217,WEST 20 STREET,1,00770,00030,TRI BOROUGH SCAFFOLDING,1,BIS,Construction or Maintenance
140384803,Manhattan,0,8/5/2015,1/28/2023,2732,11/2/2023,1025,WOOD/STEEL,R,1077607,103,40.71540069580078,-73.98808288574219,210,EAST BROADWAY,1,00311,00013,INTERSYSTEM INSTALLATION,1,BIS,Local Law 11
140393900,Manhattan,0,8/27/2015,1/28/2023,2710,5/11/2023,475,STEEL/WOOD,R,1001014,101,40.70671844482422,-74.00721740722656,96,MAIDEN LANE,1,00042,00001,METRO CONTRACTING NY  INC,1,BIS,Construction or Maintenance
140411061,Manhattan,0,11/18/2015,1/28/2023,2627,3/9/2023,550,METAL PIPE/WOOD,R,1081771,107,40.773048400878906,-73.98734283447266,40,AMSTERDAM AVENUE,1,01154,00101,PIZZAROTTI LLC,1,BIS,Local Law 11
140413390,Manhattan,0,11/18/2015,1/28/2023,2627,3/9/2023,550,METAL PIPE/WOOD,R,1082575,107,40.773048400878906,-73.98734283447266,60,AMSTERDAM AVENUE,1,01154,00101,PIZZAROTTI LLC,1,BIS,Local Law 11
140413416,Manhattan,0,10/23/2015,1/28/2023,2653,3/28/2023,550,METAL PIPE/WOOD,R,1082576,107,40.773048400878906,-73.98734283447266,80,AMSTERDAM AVENUE,1,01154,00101,PIZZAROTTI LLC,1,BIS,Local Law 11
140413434,Manhattan,0,10/16/2015,1/28/2023,2660,3/9/2023,550,METAL PIPE/WOOD,R,1082579,107,40.773048400878906,-73.98734283447266,210,WEST   64 STREET,1,01154,00101,PIZZAROTTI LLC,1,BIS,Construction or Maintenance
140419624,Manhattan,0,10/26/2015,1/28/2023,2650,6/3/2023,260,WOOD/STEEL,R,1001267,101,40.710330963134766,-74.00739288330078,129,FULTON STREET,1,00091,00013,COLGATE ENTERPRISE CORP,1,BIS,Construction or Maintenance
140428026,Manhattan,0,11/12/2015,1/28/2023,2633,11/2/2023,76,WOOD/STEEL,R,1082654,103,40.71506118774414,-73.98590087890625,264,EAST BROADWAY,1,00315,00001,INTERSYSTEM INSTALLATION,1,BIS,Local Law 11
140459304,Manhattan,0,2/17/2016,1/28/2023,2536,11/10/2023,134,WOOD/STEEL,R,1060063,110,40.818119049072266,-73.93997192382812,151,WEST 140 STREET,1,02009,00012,COLGATE ENTERPRISE CORP,1,BIS,Local Law 11
140461140,Manhattan,0,2/29/2016,1/28/2023,2524,6/6/2023,37,STEEL/WOOD,R,1056061,107,40.79465103149414,-73.9710464477539,209,WEST 96 STREET,1,01868,00024,METRO CONTRACTING NY  INC,1,BIS,Construction or Maintenance
140462416,Manhattan,0,2/25/2016,1/28/2023,2528,3/4/2023,222,STEEL/WOOD,R,1032651,107,40.78504943847656,-73.9802474975586,420,WEST END AVENUE,1,01228,00001,CORE SCAFFOLD SYSTEMS INC,1,BIS,Local Law 11
140468090,Manhattan,0,3/10/2016,1/28/2023,2514,7/20/2023,60,METAL AND WOOD,R,1082288,104,40.7665901184082,-73.99323272705078,556,WEST   52 STREET,1,01080,00103,PHOENIX SUTTON STR INC,1,BIS,Construction or Maintenance
140492107,Manhattan,0,5/20/2016,1/28/2023,2443,8/10/2023,256,STEEL/WOOD,R,1080032,112,40.861148834228516,-73.92268371582031,3754,  10 AVENUE,1,02216,00001,ROMA SCAFFOLDING INC,1,BIS,Local Law 11
140506600,Manhattan,0,6/13/2016,1/28/2023,2419,3/4/2023,185,STEEL/WOOD,R,1085096,105,40.75733184814453,-73.9885025024414,250,WEST 43 STREET,1,01014,00055,CORE SCAFFOLD SYSTEMS INC,1,BIS,Construction or Maintenance
140508993,Manhattan,0,6/15/2016,1/28/2023,2417,11/2/2023,36,STEEL/WOOD,R,1077605,103,40.71540069580078,-73.98808288574219,385,GRAND STREET,1,00311,00013,INTERSYSTEM INSTALLATION,1,BIS,Local Law 11
140521727,Manhattan,0,7/19/2016,1/28/2023,2383,4/21/2023,140,STEEL/WOOD,R,1012851,104,40.75336837768555,-73.99755859375,409,WEST 33 STREET,1,00731,00054,PROFESSIONAL LINE CORP,1,BIS,Construction or Maintenance
140528329,Manhattan,0,8/3/2016,1/28/2023,2368,9/1/2023,256,STEEL/WOOD,R,1023388,105,40.763851165771484,-73.98076629638672,849,7 AVENUE,1,01007,00061,EMPIRE NY INSTALLATIONS I,1,BIS,Local Law 11
140535909,Manhattan,0,8/19/2016,1/28/2023,2352,1/19/2024,301,STEEL/WOOD,R,1061777,109,40.823909759521484,-73.9517822265625,561,WEST 141 STREET,1,02073,00001,INTERSYSTEM INSTALLATION,1,BIS,Local Law 11
140560952,Manhattan,0,10/13/2016,1/28/2023,2297,1/11/2024,14,STEEL/WOOD,R,1061778,109,40.823829650878906,-73.95157623291016,559,WEST 141 STREET,1,02073,00006,INTERSYSTEM INSTALLATION,1,BIS,Construction or Maintenance
140562807,Manhattan,0,10/14/2016,1/28/2023,2296,10/14/2023,85,STEEL/WOOD,R,1008117,102,40.727481842041016,-74.005126953125,180,VARICK STREET,1,00519,00070,INTERSYSTEM INSTALLATION,1,BIS,Local Law 11
140565403,Manhattan,0,10/25/2016,1/28/2023,2285,9/13/2023,263,METAL AND WOOD,R,1039660,106,40.754859924316406,-73.96588897705078,931,   1 AVENUE,1,01344,07502,PHOENIX SUTTON STR INC,1,BIS,Local Law 11
140567376,Manhattan,0,10/28/2016,1/28/2023,2282,11/1/2023,270,WOOD/STEEL,R,1041797,108,40.77437973022461,-73.9629898071289,35,EAST 76 STREET,1,01391,00021,CS BRIDGE CORP,1,BIS,Local Law 11
140571021,Manhattan,0,11/15/2016,1/28/2023,2264,3/4/2023,257,STEEL/WOOD,R,1076192,105,40.759578704833984,-73.98628234863281,228,WEST   47 STREET,1,01018,00018,VEMAGROUP LLC,1,BIS,Local Law 11
140591321,Manhattan,0,1/23/2017,1/28/2023,2195,3/1/2023,158,WOOD / STEEL,R,1033304,107,40.79037094116211,-73.97599792480469,264,WEST 89 STREET,1,01236,00058,PLATINUM SERVICES NY LLC,1,BIS,Local Law 11
140597478,Manhattan,0,1/24/2017,1/28/2023,2194,3/4/2023,110,STEEL/WOOD,R,1019481,106,40.749420166015625,-73.97657012939453,141,EAST 39 STREET,1,00895,00034,VEMAGROUP LLC,1,BIS,Local Law 11
140604335,Manhattan,0,2/13/2017,1/28/2023,2174,3/1/2023,250,WOOD / STEEL,R,1056604,107,40.80060958862305,-73.96891021728516,908,WEST END AVENUE,1,01876,00061,PLATINUM SERVICES NY LLC,1,BIS,Local Law 11
140612200,Manhattan,0,3/9/2017,1/28/2023,2150,6/28/2023,255,METAL AND WOOD,R,1019161,106,40.74943923950195,-73.97785186767578,128,EAST 39 STREET,1,00894,00071,PHOENIX SUTTON STR INC,1,BIS,Local Law 11
140612996,Manhattan,0,3/7/2017,1/28/2023,2152,1/11/2024,40,STEEL/WOOD,R,1056068,107,40.795230865478516,-73.97206115722656,275,WEST 96 STREET,1,01868,07501,CORE SCAFFOLD SYSTEMS INC,1,BIS,Local Law 11
140613986,Manhattan,0,3/9/2017,1/28/2023,2150,3/4/2023,97,WOOD & STEEL,R,1063415,112,40.84375,-73.9417495727539,251,FT WASHINGTON AVENUE,1,02139,00181,ROCKLEDGE SCAFFOLD CORP,1,BIS,Local Law 11
140614823,Manhattan,0,3/24/2017,1/28/2023,2135,7/28/2023,90,STEEL& WOOD,R,1050342,108,40.783870697021484,-73.94695281982422,1850,2 AVENUE,1,01558,00050,TRIERA CONTRACTING INC,1,BIS,Local Law 11
140619427,Manhattan,0,4/10/2017,1/28/2023,2118,12/8/2023,24,STEEL/WOOD,R,1044200,108,40.76087951660156,-73.96218872070312,330,EAST   61 STREET,1,01435,00016,TRI BOROUGH SCAFFOLDING,1,BIS,Construction or Maintenance
140621183,Manhattan,0,3/27/2017,1/28/2023,2132,12/8/2023,207,STEEL/WOOD,R,1028789,107,40.77967071533203,-73.97673797607422,331,COLUMBUS AVENUE,1,01128,00061,TRI BOROUGH SCAFFOLDING,1,BIS,Local Law 11
140626909,Manhattan,0,4/10/2017,1/28/2023,2118,11/2/2023,330,STEEL/WOOD,R,1082653,103,40.71506118774414,-73.98590087890625,415,GRAND STREET,1,00315,00001,INTERSYSTEM INSTALLATION,1,BIS,Local Law 11
140627506,Manhattan,0,4/21/2017,1/28/2023,2107,11/4/2023,852,WOOD AND STEEL,R,1001831,101,40.71567153930664,-74.00234985351562,119,WORTH STREET,1,00168,00032,AAA WINDOWS & DOORS CORP,1,BIS,Local Law 11
140629862,Manhattan,0,4/14/2017,1/28/2023,2114,1/19/2024,146,WOOD & STEEL,R,1001910,101,40.71712875366211,-74.00431060791016,349,BROADWAY,1,00174,00037,ROCKLEDGE SCAFFOLD CORP,1,BIS,Local Law 11
140633679,Manhattan,0,4/25/2017,1/28/2023,2103,3/24/2023,140,STEEL/WOOD,R,1087350,103,40.72200012207031,-73.97821044921875,734,EAST    5 STREET,1,00374,00025,JERRICK ASSOCIATES INC,1,BIS,Local Law 11
140638139,Manhattan,0,6/6/2017,1/28/2023,2061,7/20/2023,63,WOOD/STEEL,R,1001904,101,40.717628479003906,-74.00435638427734,71,FRANKLIN STREET,1,00174,00028,PLATINUM SERVICES NY LLC,1,BIS,Construction or Maintenance
140646399,Manhattan,0,6/8/2017,1/28/2023,2059,11/4/2023,390,WOOD AND STEEL,R,1001672,101,40.714019775390625,-74.00390625,2,LAFAYETTE STREET,1,00155,00001,AAA WINDOWS & DOORS CORP,1,BIS,Local Law 11
140646406,Manhattan,0,6/8/2017,1/28/2023,2059,11/4/2023,305,WOOD AND STEEL,R,1078613,101,40.71438980102539,-74.0047836303711,22,READE STREET,1,00154,00023,AAA WINDOWS & DOORS CORP,1,BIS,Construction or Maintenance
140654520,Manhattan,0,6/13/2017,1/28/2023,2054,4/4/2023,93,WOOD/STEEL,R,1062085,109,40.828609466552734,-73.94715118408203,537,WEST 149 STREET,1,02081,00014,CS BRIDGE CORP,1,BIS,Local Law 11
140672065,Manhattan,0,7/25/2017,1/28/2023,2012,8/23/2023,252,STEEL AND WOOD,R,1031993,107,40.783748626708984,-73.97625732421875,140,WEST 81 STREET,1,01211,00050,SPRING SCAFFOLDING LLC,1,BIS,Construction or Maintenance
140673769,Manhattan,0,7/27/2017,1/28/2023,2010,6/3/2023,190,STEEL/WOOD,R,1080576,104,40.74020004272461,-73.9980697631836,113,   7 AVENUE,1,00792,00070,CORE SCAFFOLD SYSTEMS INC,1,BIS,Local Law 11
140683794,Manhattan,0,8/18/2017,1/28/2023,1988,7/13/2023,35,STEEL/WOOD,R,1059705,109,40.8143196105957,-73.95623016357422,508,WEST 126 STREET,1,01982,00033,CORE SCAFFOLD SYSTEMS INC,1,BIS,Construction or Maintenance
140691302,Manhattan,0,9/12/2017,1/28/2023,1963,7/1/2023,30,STEEL/WOOD,R,1019489,106,40.74998092651367,-73.9774398803711,344,LEXINGTON AVENUE,1,00895,00074,ARSENAL SCAFFOLD INC,1,BIS,Construction or Maintenance
140707199,Manhattan,0,10/27/2017,1/28/2023,1918,11/22/2023,447,STEEL/WOOD,R,1076742,112,40.83330154418945,-73.94212341308594,501,WEST  157 STREET,1,02116,00033,ROMA SCAFFOLDING INC,1,BIS,Local Law 11
201201500,Bronx,0,10/11/2017,1/28/2023,1934,10/20/2023,1299,METAL & WOOD,R,2004526,203,40.827571868896484,-73.90379333496094,597,EAST  166 STREET,2,02634,00001,WHITESTONE CONSTRUCTION C,1,BIS,Local Law 11
220149391,Bronx,0,11/10/2011,1/28/2023,4096,10/25/2023,250,WOOD & STEEL,R,2003987,201,40.80104064941406,-73.9110336303711,131,WALNUT AVENUE,2,02586,00026,PLATINUM SERVICES NY LLC,1,BIS,Construction or Maintenance
220161278,Bronx,0,12/23/2011,1/28/2023,4053,5/31/2023,280,STEEL/WOOD,R,2002802,204,40.827178955078125,-73.9218978881836,900,GRAND CONCOURSE,2,02460,00001,SASCO CONSTRUCTION ENT,1,BIS,Local Law 11
220342369,Bronx,0,11/22/2013,1/28/2023,3353,6/10/2023,564,WOOD & STEEL,R,2101572,204,40.8243408203125,-73.9226303100586,790 AIR,CONCOURSE VILLAGE WEST,2,02443,09080,ROCKLEDGE SCAFFOLD CORP,1,BIS,Local Law 11
220391154,Bronx,0,6/24/2014,1/28/2023,3139,10/25/2023,100,WOOD / STEEL,R,2016878,207,40.86880111694336,-73.88912963867188,260,EAST 198 STREET,2,03295,00043,PLATINUM SERVICES NY LLC,1,BIS,Construction or Maintenance
220604969,Bronx,0,8/14/2017,1/28/2023,1992,4/15/2023,480,STEEL/WOOD,R,2092708,209,40.82088088989258,-73.85909271240234,1850,LAFAYETTE AVENUE,2,03600,00025,PARSONS CONSTRUCTION INC,1,BIS,Local Law 11
220604978,Bronx,0,8/14/2017,1/28/2023,1992,4/15/2023,372,STEEL/WOOD,R,2092718,209,40.82088088989258,-73.85909271240234,751,WHITE PLAINS ROAD,2,03600,00025,PARSONS CONSTRUCTION INC,1,BIS,Local Law 11
220604987,Bronx,0,8/14/2017,1/28/2023,1992,4/15/2023,364,STEEL/WOOD,R,2092711,209,40.82088088989258,-73.85909271240234,1880,LAFAYETTE AVE,2,03600,00025,PARSONS CONSTRUCTION INC,1,BIS,Local Law 11
240018896,Bronx,0,2/6/2013,1/28/2023,3642,5/18/2023,275,STEEL/WOOD,R,2015580,208,40.874610900878906,-73.90181732177734,2875,SEDGWICK AVENUE,2,03253,00255,EMPIRE NY INSTALLATIONS I,1,BIS,Local Law 11
240086438,Bronx,0,1/8/2015,1/28/2023,2941,10/4/2023,375,STEEL AND WOOD,R,2004029,201,40.80051040649414,-73.90986633300781,880,EAST 135 STREET,2,02594,00005,SPRING SCAFFOLDING LLC,1,BIS,Construction or Maintenance
240110456,Bronx,0,8/19/2015,1/28/2023,2718,12/13/2023,157,WOOD/STEEL,R,2109355,208,40.88467025756836,-73.91188049316406,3223,NETHERLAND AVENUE,2,05788,07501,INTERSYSTEM INSTALLATION,1,BIS,Local Law 11
240113505,Bronx,0,9/16/2015,1/28/2023,2690,4/11/2023,92,WOOD/STEEL,R,2109600,203,40.83293151855469,-73.89119720458984,1418,MINFORD PLACE,2,02977,00080,CS BRIDGE CORP,1,BIS,Local Law 11
240114149,Bronx,0,9/21/2015,1/28/2023,2685,6/14/2023,1295,STEEL/WOOD,R,2083678,208,40.88447189331055,-73.90650177001953,3409,IRWIN AVENUE,2,05759,00573,METRO CONTRACTING NY  INC,1,BIS,Local Law 11
240121131,Bronx,0,10/30/2015,1/28/2023,2646,6/14/2023,122,STEEL/WOOD,R,2007859,204,40.84349060058594,-73.9110107421875,1650,GRAND CONCOURSE,2,02823,00001,TRIERA CONTRACTING INC,1,BIS,Construction or Maintenance
240127732,Bronx,0,12/29/2015,1/28/2023,2586,7/13/2023,270,STEEL/WOOD,R,2002985,204,40.82661056518555,-73.92581939697266,831,GERARD AVENUE,2,02483,00059,EMPIRE NY INSTALLATIONS I,1,BIS,Construction or Maintenance
240128688,Bronx,0,1/8/2016,1/28/2023,2576,6/3/2023,60,STEEL/WOOD,R,2000349,201,40.81003952026367,-73.9205093383789,435,EAST  140 STREET,2,02285,00072,ARSENAL SCAFFOLD INC,1,BIS,Construction or Maintenance
240133084,Bronx,0,2/24/2016,1/28/2023,2529,9/23/2023,296,STEEL/WOOD,R,2010481,203,40.83052062988281,-73.89277648925781,1312,INTERVALE AVENUE,2,02976,00001,COLGATE ENTERPRISE CORP,1,BIS,Construction or Maintenance
240141921,Bronx,0,5/17/2016,1/28/2023,2446,6/9/2023,430,WOOD/STEEL,R,2004795,201,40.81929016113281,-73.9029769897461,801,WESTCHESTER AVENUE,2,02666,00041,COLGATE ENTERPRISE CORP,1,BIS,Construction or Maintenance
240144287,Bronx,0,6/7/2016,1/28/2023,2425,9/22/2023,30,STEEL/WOOD,R,2128906,203,40.827110290527344,-73.89154815673828,1122,SOUTHERN BOULEVARD,2,02745,00002,TRI BOROUGH SCAFFOLDING,1,BIS,Construction or Maintenance
240156674,Bronx,0,9/19/2016,1/28/2023,2321,2/10/2023,32,STEEL/WOOD,R,2093493,211,40.87030029296875,-73.85224914550781,1255,ADEE AVENUE,2,04581,00001,ROMA SCAFFOLDING INC,1,BIS,Local Law 11
240169848,Bronx,0,1/19/2017,1/28/2023,2199,10/11/2023,50,STEEL/WOOD,R,2002283,204,40.83015060424805,-73.91316223144531,1105,TELLER AVENUE,2,02434,00080,SKYWORX CONTRACTING INC,1,BIS,Construction or Maintenance
240169857,Bronx,0,1/19/2017,1/28/2023,2199,10/11/2023,34,STEEL/WOOD,R,2002280,204,40.83058166503906,-73.91290283203125,1129,TELLER AVENUE,2,02434,00074,SKYWORX CONTRACTING INC,1,BIS,Construction or Maintenance
240176019,Bronx,0,3/10/2017,1/28/2023,2149,7/22/2023,144,WOOD/STEEL,R,2012677,206,40.84733963012695,-73.8883285522461,2075,CLINTON AVENUE,2,03095,00045,COLGATE ENTERPRISE CORP,1,BIS,Construction or Maintenance
240177367,Bronx,0,3/29/2017,1/28/2023,2130,12/13/2023,110,WOOD / STEEL,R,2007706,205,40.84939956665039,-73.90406799316406,240,ECHO PLACE,2,02809,00022,PLATINUM SERVICES NY LLC,1,BIS,Local Law 11
240177553,Bronx,0,3/23/2017,1/28/2023,2136,5/27/2023,50,STEEL/WOOD,R,2002893,204,40.83277893066406,-73.92017364501953,1125,GRAND CONCOURSE,2,02472,00034,SASCO CONSTRUCTION ENT,1,BIS,Construction or Maintenance
240178981,Bronx,0,4/7/2017,1/28/2023,2121,7/27/2023,287,STEEL/WOOD,R,2002784,204,40.82299041748047,-73.92413330078125,750,GRAND CONCOURSE,2,02458,00026,TRIERA CONTRACTING INC,1,BIS,Local Law 11
240180004,Bronx,0,4/17/2017,1/28/2023,2111,8/4/2023,222,STEEL/WOOD,R,2092431,207,40.86458969116211,-73.90776062011719,2391,WEBB AVENUE,2,03226,00053,EMPIRE NY INSTALLATIONS I,1,BIS,Local Law 11
240181076,Bronx,0,6/6/2017,1/28/2023,2061,11/7/2023,306,WOOD AND STEEL,R,2009911,206,40.845699310302734,-73.89275360107422,1918,ARTHUR AVENUE,2,02947,00018,AAA WINDOWS & DOORS CORP,1,BIS,Local Law 11
240193606,Bronx,0,8/11/2017,1/28/2023,1995,10/11/2023,614,STEEL/WOOD,R,2002141,204,40.83002853393555,-73.91261291503906,1100,TELLER AVENUE,2,02429,00001,SKYWORX CONTRACTING INC,1,BIS,Local Law 11
300929495,Brooklyn,0,10/14/2022,1/28/2023,105,11/3/2023,100,STEEL & WOOD,R,3001708,302,40.698509216308594,-73.99344635009766,57,PINEAPPLE STREET,3,00226,00035,BUDOVICE BROS NO.1 CONST,0,BIS,Construction or Maintenance
302573445,Brooklyn,0,2/22/2017,1/28/2023,2165,2/22/2023,1232,METAL & WOOD,R,3154775,310,40.618080139160156,-74.02850341796875,9025,5 AVENUE,3,06088,00001,WHITESTONE CONSTRUCTION C,1,BIS,Construction or Maintenance
320254817,Brooklyn,0,1/5/2011,1/28/2023,4405,11/10/2023,125,TIMBER,R,3327720,309,40.65663146972656,-73.94415283203125,604,WINTHROP STREET,3,04829,00001,PICCO CONSTRUCTION LLC,0,BIS,Local Law 11
320254826,Brooklyn,0,1/5/2011,1/28/2023,4405,6/10/2023,125,TIMBER,R,3327719,309,40.65663146972656,-73.94415283203125,444,WINTHROP STREET,3,04829,00001,PJP INSTALLERS INC,0,BIS,Construction or Maintenance
320522172,Brooklyn,0,8/22/2012,1/28/2023,3810,12/12/2023,491,WOOD / STEEL,R,3107446,309,40.65766906738281,-73.94705963134766,665,NEW YORK AVENUE,3,04820,00001,PLATINUM SERVICES NY LLC,1,BIS,Local Law 11
321160747,Brooklyn,0,7/31/2014,1/28/2023,3102,6/14/2023,155,WOOD / STEEL,R,3009621,307,40.659141540527344,-73.99626159667969,749,5 AVENUE,3,00655,00031,PJP INSTALLERS INC,1,BIS,Construction or Maintenance
321237853,Brooklyn,0,9/17/2015,1/28/2023,2689,9/13/2023,85,STEEL AND WOOD,R,3001898,302,40.697181701660156,-73.99244689941406,1,MONROE PLACE,3,00237,00043,SPRING SCAFFOLDING LLC,1,BIS,Construction or Maintenance
321298387,Brooklyn,0,1/14/2016,1/28/2023,2570,11/2/2023,436,WOOD & STEEL,R,3000370,302,40.690399169921875,-73.98239135742188,9,DE KALB AVENUE,3,00149,00100,S&E BRIDGE & SCAFFOLD LLC,1,BIS,Construction or Maintenance
321537271,Brooklyn,0,3/7/2017,1/28/2023,2152,7/26/2023,188,STEEL/WOOD,R,3127911,314,40.630950927734375,-73.9722900390625,706,OCEAN PARKWAY,3,05423,00047,PARSONS CONSTRUCTION INC,1,BIS,Construction or Maintenance
340248191,Brooklyn,0,4/14/2015,1/28/2023,2845,5/16/2023,1080,STEEL AND WOOD,R,3338422,301,40.70458984375,-73.94529724121094,79,MANHATTAN AVENUE,3,03078,00001,SPRING SCAFFOLDING LLC,1,BIS,Local Law 11
340248235,Brooklyn,0,4/15/2015,1/28/2023,2844,5/18/2023,1262,STEEL AND WOOD,R,3338415,301,40.70606994628906,-73.94898223876953,25,BOERUM STREET,3,03058,00001,SPRING SCAFFOLDING LLC,1,BIS,Local Law 11
340250702,Brooklyn,0,4/22/2015,1/28/2023,2837,5/16/2023,1167,STEEL AND WOOD,R,3071200,301,40.70610809326172,-73.94554901123047,93,MANHATTAN AVENUE,3,03060,00075,SPRING SCAFFOLDING LLC,1,BIS,Local Law 11
340250711,Brooklyn,0,4/22/2015,1/28/2023,2837,5/18/2023,942,STEEL AND WOOD,R,3327972,301,40.70454025268555,-73.94689178466797,29,LEONARD STREET,3,03077,00001,SPRING SCAFFOLDING LLC,1,BIS,Local Law 11
340250720,Brooklyn,0,4/22/2015,1/28/2023,2837,5/18/2023,1460,STEEL AND WOOD,R,3338423,301,40.70458984375,-73.94529724121094,13,MOORE STREET,3,03078,00001,SPRING SCAFFOLDING LLC,1,BIS,Local Law 11
340279816,Brooklyn,0,7/13/2015,1/28/2023,2755,3/8/2023,359,STEEL/WOOD,R,3120574,314,40.636390686035156,-73.95889282226562,1054,OCEAN AVENUE,3,05219,00029,INTERSYSTEM INSTALLATION,1,BIS,Local Law 11
340298902,Brooklyn,0,9/8/2015,1/28/2023,2698,7/1/2023,35,METAL AND WOOD,R,3079120,304,40.69295883178711,-73.9065933227539,316,ELDERT STREET,3,03419,00017,PHOENIX SUTTON STR INC,1,BIS,Construction or Maintenance
340305039,Brooklyn,0,9/23/2015,1/28/2023,2683,12/23/2023,40,STEEL/WOOD,R,3321407,318,40.65045166015625,-73.89610290527344,10602,FARRAGUT ROAD,3,08174,00001,MNK ENTERPRISES LLC,1,BIS,Local Law 11
340305048,Brooklyn,0,9/23/2015,1/28/2023,2683,12/23/2023,40,STEEL/WOOD,R,3321408,318,40.65045166015625,-73.89610290527344,10622,FARRAGUT ROAD,3,08174,00001,MNK ENTERPRISES LLC,1,BIS,Local Law 11
340305066,Brooklyn,0,9/23/2015,1/28/2023,2683,12/23/2023,80,STEEL/WOOD,R,3321409,318,40.65045166015625,-73.89610290527344,620,EAST  108 STREET,3,08174,00001,MNK ENTERPRISES LLC,1,BIS,Local Law 11
340305075,Brooklyn,0,9/23/2015,1/28/2023,2683,12/23/2023,40,STEEL/WOOD,R,3331294,318,40.65250015258789,-73.89508056640625,543,EAST  108 STREET,3,08158,00001,MNK ENTERPRISES LLC,1,BIS,Local Law 11
340305084,Brooklyn,0,9/23/2015,1/28/2023,2683,12/23/2023,184,STEEL/WOOD,R,3321517,318,40.64781188964844,-73.8962631225586,719,EAST  103 STREET,3,08191,00001,MNK ENTERPRISES LLC,1,BIS,Local Law 11
340305100,Brooklyn,0,9/23/2015,1/28/2023,2683,12/23/2023,426,STEEL/WOOD,R,3321516,318,40.64781188964844,-73.8962631225586,10406,GLENWOOD ROAD,3,08191,00001,MNK ENTERPRISES LLC,1,BIS,Local Law 11
340307171,Brooklyn,0,9/30/2015,1/28/2023,2676,12/23/2023,72,STEEL/WOOD,R,3331291,318,40.65250015258789,-73.89508056640625,254,STANLEY AVENUE,3,08158,00001,MNK ENTERPRISES LLC,1,BIS,Local Law 11
340316330,Brooklyn,0,10/21/2015,1/28/2023,2655,3/1/2023,116,STEEL/WOOD,R,3042730,316,40.67705154418945,-73.90631866455078,1424,HERKIMER STREET,3,01572,00018,POWERS BRIDGING & SCAFFOL,1,BIS,Construction or Maintenance
340321716,Brooklyn,0,11/12/2015,1/28/2023,2633,12/23/2023,495,STEEL/WOOD,R,3321866,303,40.689788818359375,-73.95865631103516,448,DEKALB AVE,3,01938,00001,MNK ENTERPRISES LLC,1,BIS,Local Law 11
340325936,Brooklyn,0,11/20/2015,1/28/2023,2625,12/23/2023,249,STEEL/WOOD,R,3321871,303,40.689788818359375,-73.95865631103516,325,CLASSON AVE,3,01938,00001,MNK ENTERPRISES LLC,1,BIS,Local Law 11
340325945,Brooklyn,0,11/16/2015,1/28/2023,2629,12/23/2023,223,STEEL/WOOD,R,3339158,303,40.689788818359375,-73.95865631103516,411,LAFAYETTE AVE,3,01938,00001,MNK ENTERPRISES LLC,1,BIS,Local Law 11
340332946,Brooklyn,0,12/7/2015,1/28/2023,2608,11/17/2023,369,WOOD & STEEL,R,3327565,309,40.65958023071289,-73.93380737304688,569,SCHNECTADY AVENUE,3,04602,00005,ROCKLEDGE SCAFFOLD CORP,1,BIS,Local Law 11
340334784,Brooklyn,0,12/15/2015,1/28/2023,2600,3/1/2023,87,STEEL/WOOD,R,3334868,301,40.70798873901367,-73.96145629882812,344,ROEBLING STREET,3,02148,00027,CORE SCAFFOLD SYSTEMS INC,1,BIS,Construction or Maintenance
340354672,Brooklyn,0,2/29/2016,1/28/2023,2524,12/23/2023,912,STEEL/WOOD,R,3335257,302,40.69466018676758,-73.97469329833984,56,NORTH OXFORD WALK,3,02041,00001,MNK ENTERPRISES LLC,1,BIS,Local Law 11
340361771,Brooklyn,0,3/29/2016,1/28/2023,2495,12/23/2023,557,STEEL/WOOD,R,3348343,316,40.671669006347656,-73.90927124023438,60,GLENMORE AVENUE,3,03489,00001,MNK ENTERPRISES LLC,1,BIS,Local Law 11
340361780,Brooklyn,0,3/16/2016,1/28/2023,2508,12/23/2023,353,STEEL/WOOD,R,3339436,316,40.671669006347656,-73.90927124023438,61,THATFORD AVENUE,3,03489,00001,MNK ENTERPRISES LLC,1,BIS,Local Law 11
340361799,Brooklyn,0,3/16/2016,1/28/2023,2508,12/23/2023,530,STEEL/WOOD,R,3339433,316,40.671669006347656,-73.90927124023438,1548,EAST NEW YORK AVENUE,3,03489,00001,MNK ENTERPRISES LLC,1,BIS,Local Law 11
340375123,Brooklyn,0,4/26/2016,1/28/2023,2467,6/22/2023,30,METAL & WOOD,R,3332263,303,40.69350051879883,-73.95945739746094,906,KENT AVENUE,3,01911,00030,DFE CONTRACTOR LLC,1,BIS,Construction or Maintenance
340375132,Brooklyn,0,4/26/2016,1/28/2023,2467,7/11/2023,141,METAL & WOOD,R,3054930,303,40.69343948364258,-73.95944213867188,908,KENT AVENUE,3,01911,00031,DFE CONTRACTOR LLC,1,BIS,Construction or Maintenance
340408981,Brooklyn,0,8/5/2016,1/28/2023,2366,6/15/2023,365,STEEL& WOOD,R,3331321,301,40.70317077636719,-73.96222686767578,90,ROSS STREET,3,02186,00001,MNK ENTERPRISES LLC,1,BIS,Local Law 11
340431107,Brooklyn,0,10/12/2016,1/28/2023,2298,2/10/2023,589,STEEL/WOOD,R,3324696,316,40.68109130859375,-73.90807342529297,31,MOTHER GASTON BOULEVARD,3,01529,00001,ROMA SCAFFOLDING INC,1,BIS,Local Law 11
340458310,Brooklyn,0,12/28/2016,1/28/2023,2221,12/23/2023,126,STEEL/WOOD,R,3036568,308,40.67156982421875,-73.92838287353516,1521,STERLING PLACE,3,01373,00049,MNK ENTERPRISES LLC,1,BIS,Construction or Maintenance
340466463,Brooklyn,0,2/14/2017,1/28/2023,2173,2/10/2023,190,STEEL/WOOD,R,3346319,303,40.689788818359375,-73.95865631103516,470,DEKALB AVENUE,3,01938,00001,ROMA SCAFFOLDING INC,1,BIS,Local Law 11
340476354,Brooklyn,0,3/7/2017,1/28/2023,2152,5/3/2023,276,STEEL/WOOD,R,3328463,305,40.67298889160156,-73.89086151123047,2211,PITKIN AVENUE,3,03993,00001,SKYWORX CONTRACTING INC,1,BIS,Construction or Maintenance
340476372,Brooklyn,0,3/7/2017,1/28/2023,2152,5/3/2023,250,STEEL/WOOD,R,3328464,305,40.67298889160156,-73.89086151123047,2215,PITKIN AVENUE,3,03993,00001,SKYWORX CONTRACTING INC,1,BIS,Construction or Maintenance
340476416,Brooklyn,0,3/7/2017,1/28/2023,2152,5/3/2023,406,STEEL/WOOD,R,3328465,305,40.67298889160156,-73.89086151123047,294,VAN SICLEN AVENUE,3,03993,00001,SKYWORX CONTRACTING INC,1,BIS,Construction or Maintenance
340479075,Brooklyn,0,3/7/2017,1/28/2023,2152,5/3/2023,278,STEEL/WOOD,R,3336980,305,40.6726188659668,-73.89264678955078,261,WYONA STREET,3,03724,00029,SKYWORX CONTRACTING INC,1,BIS,Construction or Maintenance
340479084,Brooklyn,0,3/7/2017,1/28/2023,2152,5/3/2023,406,STEEL/WOOD,R,3336981,305,40.6726188659668,-73.89264678955078,2173,PITKIN AVENUE,3,03724,00029,SKYWORX CONTRACTING INC,1,BIS,Construction or Maintenance
340480474,Brooklyn,0,3/9/2017,1/28/2023,2150,5/3/2023,432,STEEL/WOOD,R,3327011,305,40.67287063598633,-73.8917465209961,330,MILLER AVENUE,3,03725,00001,SKYWORX CONTRACTING INC,1,BIS,Construction or Maintenance
340480508,Brooklyn,0,3/9/2017,1/28/2023,2150,5/3/2023,251,STEEL/WOOD,R,3327009,305,40.67287063598633,-73.8917465209961,320,MILLER AVENUE,3,03725,00001,SKYWORX CONTRACTING INC,1,BIS,Construction or Maintenance
340484577,Brooklyn,0,4/5/2017,1/28/2023,2123,12/9/2023,120,STEEL/WOOD,R,3426030,301,40.71406936645508,-73.95736694335938,13,HOPE STREET,3,02368,00001,ARSENAL SCAFFOLD INC,1,BIS,Construction or Maintenance
340492997,Brooklyn,0,4/13/2017,1/28/2023,2115,3/28/2023,120,STEEL/WOOD,R,3411833,305,40.682411193847656,-73.87854766845703,186,FORCE TUBE AVENUE,3,04124,00031,TRIERA CONTRACTING INC,1,BIS,Construction or Maintenance
340498429,Brooklyn,0,5/1/2017,1/28/2023,2097,5/18/2023,70,STEEL& WOOD,R,3388501,301,40.70317077636719,-73.96222686767578,669,WYTHE AVENUE,3,02186,00001,MNK ENTERPRISES LLC,1,BIS,Local Law 11
340504412,Brooklyn,0,5/22/2017,1/28/2023,2076,9/16/2023,336,WOOD AND STEEL,R,3335251,302,40.69466018676758,-73.97469329833984,104,CARLTON AVENUE,3,02041,00001,ARC ELECTRICAL & MECH CON,1,BIS,Construction or Maintenance
340508196,Brooklyn,0,6/20/2017,1/28/2023,2047,9/16/2023,967,WOOD AND STEEL,R,3335245,302,40.693870544433594,-73.97689056396484,32,AUBURN PLACE,3,02040,00001,ARC ELECTRICAL & MECH CON,1,BIS,Local Law 11
340514438,Brooklyn,0,6/26/2017,1/28/2023,2041,6/10/2023,30,WOOD/STEEL,R,3015229,307,40.644229888916016,-74.01876068115234,5614,   3 AVENUE,3,00837,00042,PLATINUM SERVICES NY LLC,1,BIS,Construction or Maintenance
340534336,Brooklyn,0,8/24/2017,1/28/2023,1982,12/2/2023,60,METAL & WOOD,R,3062137,301,40.7150993347168,-73.95384979248047,51,HAVEMEYER STREET,3,02331,00002,CONSTRUCTION EXPERT INC,1,BIS,Construction or Maintenance
340540490,Brooklyn,0,9/6/2017,1/28/2023,1969,2/3/2023,55,STEEL/WOOD,R,3426053,301,40.72993087768555,-73.94371795654297,277,MONITOR STREET,3,02607,00006,PHOENIX SUTTON STR INC,1,BIS,Construction or Maintenance
340545921,Brooklyn,0,9/20/2017,1/28/2023,1955,9/26/2023,1949,STEEL/WOOD,R,3337265,313,40.58679962158203,-73.9843978881836,2475,WEST   16 STREET,3,06919,00001,INTERSYSTEM INSTALLATION,1,BIS,Local Law 11
340551600,Brooklyn,0,10/6/2017,1/28/2023,1939,9/26/2023,1580,STEEL/WOOD,R,3337264,313,40.58679962158203,-73.9843978881836,2483,WEST 16 STREET,3,06919,00001,INTERSYSTEM INSTALLATION,1,BIS,Local Law 11
340552912,Brooklyn,0,10/23/2017,1/28/2023,1922,10/17/2023,90,STEEL/WOOD,R,3324973,303,40.69355010986328,-73.93569946289062,109,LEWIS AVENUE,3,01598,00001,ROMA SCAFFOLDING INC,1,BIS,Local Law 11
340554402,Brooklyn,0,10/28/2017,1/28/2023,1917,11/4/2023,122,STEEL/WOOD,R,3099358,317,40.661869049072266,-73.92816925048828,955,RUTLAND ROAD,3,04594,00064,ROMA SCAFFOLDING INC,1,BIS,Local Law 11
420516873,Queens,0,12/20/2011,1/28/2023,4056,3/14/2023,400,STEEL BEAM/PIPE,R,4005022,401,40.75028991699219,-73.93797302246094,41-43,  28 STREET,4,00417,00002,TRIANGLE ENTERPRISE NYC I,1,BIS,Local Law 11
420861767,Queens,0,6/24/2013,1/28/2023,3504,6/14/2023,35,STEEL/WOOD,R,4115096,407,40.753868103027344,-73.83087158203125,132-53,POPLE AVENUE,4,05102,00039,COLGATE ENTERPRISE CORP,1,BIS,Construction or Maintenance
420905159,Queens,0,10/23/2013,1/28/2023,3383,1/11/2024,500,WOOD & STEEL,R,4005066,402,40.75083923339844,-73.94206237792969,42-01,  23 STREET,4,00425,00005,DYNAMIC INSTALLATION CORP,1,BIS,Construction or Maintenance
421047147,Queens,0,3/7/2017,1/28/2023,2152,7/15/2023,425,WOOD AND STEEL,R,4029982,403,40.747920989990234,-73.88654327392578,37-51,79 STREET,4,01290,00049,RENNON CONSTRUCTION CORP,1,BIS,Construction or Maintenance
421049038,Queens,0,3/7/2017,1/28/2023,2152,7/15/2023,404,WOOD AND STEEL,R,4029970,403,40.74795913696289,-73.88616943359375,37-52,80 STREET,4,01290,00029,RENNON CONSTRUCTION CORP,1,BIS,Construction or Maintenance
421105976,Queens,0,1/11/2018,1/28/2023,1842,3/2/2023,600,METAL PIPE\WOOD,R,4298234,414,40.603939056396484,-73.74984741210938,10-45,NAMEOKE AVENUE,4,15557,00025,UNIVERSAL CONSTRUCTION RE,1,BIS,Construction or Maintenance
421106608,Queens,0,8/29/2017,1/28/2023,1977,4/22/2023,850,WOOD & STEEL,R,4156949,411,40.7576904296875,-73.76901245117188,46-02,BELL BOULEVARD,4,07316,00018,BG NATIONAL PLUMBING & H,1,BIS,Construction or Maintenance
421106902,Queens,0,9/21/2017,1/28/2023,1954,10/14/2023,1416,METAL & WOOD,R,4164007,411,40.73802185058594,-73.75639343261719,75-25,BELL BOULEVARD,4,07753,00001,LO SARDO GENERAL CONTRACT,1,BIS,Construction or Maintenance
421411644,Queens,0,12/15/2016,1/28/2023,2234,1/20/2024,105,STEEL AND WOOD,R,4537837,406,40.728851318359375,-73.85384368896484,99-31,  66 AVENUE,4,02116,07501,SOHO CONTRACTING CORP,1,BIS,Local Law 11
440247243,Queens,0,9/2/2015,1/28/2023,2704,6/17/2023,137,STEEL/WOOD,R,4141870,408,40.73630905151367,-73.81773376464844,65-30,KISSENA BOULEVARD,4,06517,00001,TRIERA CONTRACTING INC,1,BIS,Local Law 11
440252272,Queens,0,9/22/2015,1/28/2023,2684,11/18/2023,762,STEEL/WOOD,R,4439180,401,40.758148193359375,-73.94474029541016,38-28,   9 STREET,4,00476,00001,CORE SCAFFOLD SYSTEMS INC,1,BIS,Local Law 11
440279725,Queens,0,1/7/2016,1/28/2023,2577,2/28/2023,895,STEEL/WOOD,R,4440319,412,40.705448150634766,-73.80476379394531,150-01,  89 AVENUE,4,09695,00014,CORE SCAFFOLD SYSTEMS INC,1,BIS,Construction or Maintenance
440304804,Queens,0,4/20/2016,1/28/2023,2473,9/14/2023,767,STEEL/WOOD,R,4535114,407,40.75482940673828,-73.82337188720703,43-43,KISSENA BOULEVARD,4,05185,07501,METRO CONTRACTING NY  INC,1,BIS,Construction or Maintenance
440306802,Queens,0,4/26/2016,1/28/2023,2467,3/24/2023,35,STEEL& WOOD,R,4617767,412,40.70772933959961,-73.79842376708984,88-35, 163 STREET,4,09813,00011,THIND BUILDERS NY INC,1,BIS,Construction or Maintenance
440352413,Queens,0,10/14/2016,1/28/2023,2296,9/9/2023,254,WOOD/STEEL,R,4213968,412,40.7011604309082,-73.8072509765625,90-75,SUTPHIN BOULEVARD,4,09994,00031,COLGATE ENTERPRISE CORP,1,BIS,Construction or Maintenance
440396457,Queens,0,4/21/2017,1/28/2023,2107,11/10/2023,551,WOOD AND STEEL,R,4207071,412,40.704498291015625,-73.80841827392578,88-11,SUTPHIN BOULEVARD,4,09691,00001,AAA WINDOWS & DOORS CORP,1,BIS,Local Law 11
440413170,Queens,0,6/27/2017,1/28/2023,2040,6/10/2023,77,WOOD/STEEL,R,4539484,402,40.74604034423828,-73.9548568725586,5-17,  47 AVENUE,4,00028,00121,CS BRIDGE CORP,1,BIS,Construction or Maintenance
500870140,Staten Island,0,9/9/2016,1/28/2023,2331,9/6/2023,40,WOOD + STEEL,R,5013955,501,40.620941162109375,-74.07707977294922,151,TOMPKINS AVENUE,5,00534,00075,MARIC PLUMBING & HEATING,1,BIS,Construction or Maintenance
520259087,Staten Island,0,1/28/2016,1/28/2023,2556,1/20/2024,80,WOOD & STEEL,R,5106863,501,40.6225700378418,-74.07560729980469,75,VANDERBILT AVENUE,5,00534,00001,SKYLINE SCAFFOLDING GROUP,1,BIS,Local Law 11
540090863,Staten Island,0,11/17/2015,1/28/2023,2628,9/7/2023,1056,METAL WOOD,R,5109580,502,40.57910919189453,-74.10743713378906,145,LINCOLN AVENUE,5,03585,07502,PHOENIX SUTTON STR INC,1,BIS,Local Law 11
540129859,Staten Island,0,6/20/2017,1/28/2023,2047,5/19/2023,411,STEEL/WOOD,R,5166155,501,40.641658782958984,-74.0750503540039,35 A,BAY STREET,5,00001,07504,DHS FRACO LLC,1,BIS,Construction or Maintenance
103650185,Manhattan,0,5/15/2018,1/28/2023,1718,5/11/2023,0,METAL & WOOD,R,1026740,104,40.76591110229492,-73.98980712890625,426,WEST 53 STREET,1,01062,00003,ADAM'S EUROPEAN CONTRACTI,1,BIS SCA,Construction or Maintenance
103651157,Manhattan,0,12/21/2018,1/28/2023,1498,10/3/2023,0,METAL & WOOD,R,1063947,112,40.85055923461914,-73.93396759033203,185,WADSWORTH AVENUE,1,02165,00026,POSITIVE ELEC ASSOC INC,1,BIS SCA,Construction or Maintenance
103651193,Manhattan,0,1/11/2019,1/28/2023,1477,12/21/2023,0,METAL & WOOD,R,1005626,103,40.722408294677734,-73.99047088623047,194,FORSYTH STREET,1,00422,00072,SKYWORX CONTRACTING INC,1,BIS SCA,Construction or Maintenance
103651898,Manhattan,0,5/22/2019,1/28/2023,1346,6/6/2023,0,METAL & WOOD,R,1013260,104,40.74419021606445,-74.00074768066406,314,WEST 21 STREET,1,00744,00024,ADAM'S EUROPEAN CONTRACTI,1,BIS SCA,Construction or Maintenance
103652192,Manhattan,0,9/19/2019,1/28/2023,1226,9/15/2023,0,METAL & WOOD,R,1076751,112,40.85660934448242,-73.92598724365234,549,AUDOBON AVENUE,1,02160,00018,WHITESTONE CONSTRUCTION C,1,BIS SCA,Construction or Maintenance
104213637,Manhattan,0,8/28/2020,1/28/2023,882,8/17/2023,0,METAL & WOOD,R,1030196,107,40.78173828125,-73.97805786132812,138,WEST 78 STREET,1,01149,00007,ROMA SCAFFOLDING INC,1,BIS SCA,Construction or Maintenance
104213682,Manhattan,0,10/1/2020,1/28/2023,848,10/27/2023,0,METAL & WOOD,R,1003736,103,40.714351654052734,-73.9830322265625,287,HENRY STREET,1,00288,00015,WHITESTONE CONSTRUCTION C,1,BIS SCA,Construction or Maintenance
104213824,Manhattan,0,5/27/2020,1/28/2023,975,6/13/2023,0,METAL & WOOD,R,1055911,107,40.7971305847168,-73.96678161621094,132,WEST 102 STREET,1,01855,00009,IMPERIUM CONSTRUCTION INC,1,BIS SCA,Construction or Maintenance
201202947,Bronx,0,8/28/2019,1/28/2023,1248,8/18/2023,0,METAL & WOOD,R,2008460,205,40.849369049072266,-73.91532897949219,1700,MACOMBS ROAD,2,02866,00070,PJP INSTALLERS INC,1,BIS SCA,Construction or Maintenance
201202992,Bronx,0,8/29/2019,1/28/2023,1247,8/30/2023,0,METAL & WOOD,R,2080231,210,40.827030181884766,-73.82908630371094,2750,LAFAYETTE AVENUE,2,05547,00001,ADAM'S EUROPEAN CONTRACTI,1,BIS SCA,Construction or Maintenance
201203330,Bronx,0,10/21/2019,1/28/2023,1194,9/20/2023,0,METAL & WOOD,R,2004548,201,40.813880920410156,-73.90836334228516,548,JACKSON AVENUE,2,02642,00001,WHITESTONE CONSTRUCTION C,1,BIS SCA,Construction or Maintenance
201203349,Bronx,0,11/19/2019,1/28/2023,1165,10/4/2023,0,METAL & WOOD,R,2013561,205,40.85647964477539,-73.8988265991211,2252,RYER AVENUE,2,03150,00010,ROMA SCAFFOLDING INC,1,BIS SCA,Construction or Maintenance
201203410,Bronx,0,11/20/2019,1/28/2023,1164,11/8/2023,0,METAL & WOOD,R,2004496,203,40.822288513183594,-73.90675354003906,890,CAULDWELL AVENUE,2,02631,00048,ADAM'S EUROPEAN CONTRACTI,1,BIS SCA,Construction or Maintenance
302582337,Brooklyn,0,3/30/2018,1/28/2023,1764,4/5/2023,0,GALV STEEL,R,3076908,304,40.69643020629883,-73.9117431640625,374,IRVING AVENUE,3,03365,00098,PADILLA CONSTRUCTION SERV,1,BIS SCA,Construction or Maintenance
302583611,Brooklyn,0,7/12/2018,1/28/2023,1660,8/16/2023,0,METAL & WOOD,R,3071962,304,40.70235824584961,-73.92970275878906,271,MELROSE STREET,3,03157,00037,EVERLAST SCAFFOLDING INC,1,BIS SCA,Construction or Maintenance
302583844,Brooklyn,0,8/2/2018,1/28/2023,1639,8/12/2023,0,METAL & WOOD,R,3325733,301,40.7110481262207,-73.93900299072266,850,GRAND STREET,3,03016,00001,WHITESTONE CONSTRUCTION C,1,BIS SCA,Construction or Maintenance
302585815,Brooklyn,0,2/22/2019,1/28/2023,1435,2/17/2023,0,METAL & WOOD,R,3058752,302,40.68891143798828,-73.97643280029297,1,FORT GREENE PLACE,3,02098,00013,ROMA SCAFFOLDING INC,1,BIS SCA,Local Law 11
302586618,Brooklyn,0,5/15/2019,1/28/2023,1353,5/11/2023,0,METAL & WOOD,R,3009847,307,40.65768051147461,-74.00019836425781,817,4 AVENUE,3,00669,00001,ADAM'S EUROPEAN CONTRACTI,1,BIS SCA,Construction or Maintenance
302586912,Brooklyn,0,5/28/2019,1/28/2023,1340,5/11/2023,0,METAL & WOOD,R,3000158,302,40.7017707824707,-73.9817123413086,209,YORK STREET,3,00056,00007,ADAM'S EUROPEAN CONTRACTI,1,BIS SCA,Construction or Maintenance
322048020,Brooklyn,0,11/22/2019,1/28/2023,1162,12/21/2023,0,METAL & WOOD,R,3104598,317,40.64772033691406,-73.9222183227539,5702,TILDEN AVENUE,3,04742,00001,KEL-TECH CONSTRUCTION INC,1,BIS SCA,Construction or Maintenance
322048057,Brooklyn,0,10/25/2019,1/28/2023,1190,9/20/2023,0,METAL & WOOD,R,3097334,305,40.65983963012695,-73.88996887207031,564,HEGEMAN AVENUE,3,04324,00001,WHITESTONE CONSTRUCTION C,1,BIS SCA,Construction or Maintenance
322048592,Brooklyn,0,11/26/2019,1/28/2023,1158,12/8/2023,0,METAL & WOOD,R,3010580,307,40.65217971801758,-74.00762176513672,4002,   4 AVENUE,3,00713,00020,J & N CONSTRUCTION GROUP,1,BIS SCA,Construction or Maintenance
322048798,Brooklyn,0,1/24/2020,1/28/2023,1099,3/23/2023,0,METAL & WOOD,R,3115866,309,40.656280517578125,-73.95381164550781,571,PARKSIDE AVENUE,3,05049,00055,ADAM'S EUROPEAN CONTRACTI,1,BIS SCA,Construction or Maintenance
322050418,Brooklyn,0,2/18/2020,1/28/2023,1074,2/22/2023,0,METAL & WOOD,R,3332865,302,40.685890197753906,-73.96589660644531,395,WAVERLY AVENUE,3,01962,00010,TRIANGLE ENTERPRISE NYC I,1,BIS SCA,Construction or Maintenance
322050472,Brooklyn,0,3/12/2020,1/28/2023,1051,3/8/2023,0,METAL & WOOD,R,3083660,305,40.673770904541016,-73.89598083496094,143,PENNSYLVANIA AVENUE,3,03704,00001,ROMA SCAFFOLDING INC,1,BIS SCA,Construction or Maintenance
322053219,Brooklyn,0,5/27/2020,1/28/2023,975,5/26/2023,0,METAL & WOOD,R,3157466,311,40.612239837646484,-73.98719787597656,7000,  21 AVENUE,3,06174,00036,PRIME CONTRACTORS  INC,1,BIS SCA,Construction or Maintenance
322053415,Brooklyn,0,12/15/2020,1/28/2023,773,12/7/2023,0,METAL & WOOD,R,3184034,315,40.604339599609375,-73.9558334350586,1866,EAST   17 STREET,3,06821,00123,WHITESTONE CONSTRUCTION C,1,BIS SCA,Construction or Maintenance
322053683,Brooklyn,0,3/28/2021,1/28/2023,670,3/10/2023,0,WOOD/ PIPE,R,3426619,307,40.653350830078125,-74.002197265625,840,   5 AVENUE,3,00693,00039,AMCC CORP,1,BIS SCA,Construction or Maintenance
421101694,Queens,0,5/31/2019,1/28/2023,1337,9/19/2023,0,METAL & WOOD,R,4105232,407,40.78620147705078,-73.81733703613281,147-01,15 DRIVE,4,04647,00001,PJP INSTALLERS INC,1,BIS SCA,Construction or Maintenance
421102951,Queens,0,10/1/2019,1/28/2023,1214,12/5/2023,0,METAL & WOOD,R,4202849,410,40.67829895019531,-73.83679962158203,101-08,ROCKAWAY BOULEVARD,4,09540,00002,TRIANGLE ENTERPRISE NYC I,1,BIS SCA,Construction or Maintenance
421898922,Queens,0,1/14/2020,1/28/2023,1109,3/7/2023,0,METAL & WOOD,R,4116436,407,40.74951934814453,-73.82141876220703,46-21,COLDEN STREET,4,05147,00001,POSITIVE ELEC ASSOC INC,1,BIS SCA,Construction or Maintenance
421899137,Queens,0,2/18/2020,1/28/2023,1074,1/18/2024,0,PLYWOOD/ PIPE,R,4000846,402,40.74974822998047,-73.91593170166016,38-04,48 STREET,4,00125,00010,NAVILLUS TILE INC,1,BIS SCA,Construction or Maintenance
